service_name,unit_price,description
Website Maintenance,5000,Monthly website maintenance package
SEO Audit,3000,Complete SEO audit and report
Logo Design,2000,Professional logo design
Social Media Management,8000,Monthly social media management
Website Development,25000,Standard business website development
Mobile App Development,50000,Mobile application development
UI UX Design,10000,UI/UX design package
Cloud Deployment,7000,Cloud deployment and configuration
Database Setup,5000,Database design and setup
Technical Consultation,2500,One hour technical consultation
